Track URI,Track Name,Album Name,Artist Name(s),Release Date,Duration (ms),Popularity,Explicit,Added By,Added At,Genres,Record Label,Danceability,Energy,Key,Loudness,Mode,Speechiness,Acousticness,Instrumentalness,Liveness,Valence,Tempo,Time Signature
spotify:track:7LR85XLWw2yXqKBSI5brbG,"Run This Town","The Blueprint 3","JAŸ-Z;Rihanna;Kanye West",2009-09-08,267520,82,true,bennettspeir,2026-07-25T01:18:49Z,"hip hop,east coast hip hop,rap","Roc Nation / Jay-Z",0.632,0.924,1,-1.802,1,0.29,0.281,0,0.263,0.441,86.844,4
spotify:track:5SWnsxjhdcEDc7LJjq9UHk,"Runnin","SAVAGE MODE II","21 Savage;Metro Boomin",2020-10-02,195906,78,true,bennettspeir,2026-07-25T01:18:49Z,"","Slaughter Gang, LLC/Epic/Boominati Worldwide/Republic",0.819,0.626,10,-4.574,0,0.202,0.00748,0.101,0.167,0.415,143.01,4
spotify:track:2xLMifQCjDGFmkHkpNLD9h,"SICKO MODE","ASTROWORLD","Travis Scott",2018-08-03,312820,85,true,bennettspeir,2026-07-25T01:18:49Z,"rap","Cactus Jack / Epic",0.834,0.73,8,-3.714,1,0.222,0.00513,0,0.124,0.446,155.008,4
spotify:track:7Ie9W94M7OjPoZVV216Xus,"Not Afraid","Recovery","Eminem",2010-06-18,248133,82,true,bennettspeir,2026-07-25T01:18:49Z,"rap,hip hop","Eminem Catalog PS",0.855,0.954,0,-1.19,0,0.264,0.529,0,0.205,0.668,114.635,5
spotify:track:70TGNwQDvF5b6GQWlYPr8p,"BAND4BAND (feat. Lil Baby)","CAN'T RUSH GREATNESS","Central Cee;Lil Baby",2025-01-24,140720,79,true,bennettspeir,2026-07-25T01:18:49Z,"uk drill,drill,uk grime","Columbia",0.884,0.75,11,-5.236,1,0.198,0.346,0,0.124,0.88,140.114,4
spotify:track:6rUmUJ2drFemHTH73bFAKQ,"That Go! (feat. T-Shyne)","Slime Language 2","Young Stoner Life;Young Thug;Meek Mill;T-Shyne",2021-04-16,226000,71,true,bennettspeir,2026-07-25T01:18:49Z,"rap,melodic rap,trap","300 Entertainment",0.713,0.575,1,-6.706,1,0.0501,0.00669,0,0.169,0.189,145.95,4
spotify:track:7hrFCoyWwKep7qp1lP4oga,"Back On My BS","THE BIGGEST","BigXthaPlug",2023-12-01,94426,77,true,bennettspeir,2026-07-25T01:18:49Z,"southern hip hop","BigXthaPlug under exclusive license to UnitedMasters LLC",0.804,0.573,9,-8.654,1,0.33,0.238,0.00817,0.372,0.701,121.961,4
spotify:track:2FAZskT9yRjp2Oow9szJD8,"The Days - NOTION Remix","The Days (NOTION Remix)","Chrystal;NOTION",2024-11-08,233229,87,false,bennettspeir,2026-07-25T01:18:49Z,"bassline,bass house,uk garage,drum and bass","Polydor Records",0.62,0.843,6,-5.321,0,0.0844,0.0062,0.00000463,0.55,0.237,137.812,4
spotify:track:4nva9EpKntUTs6CRSGBCn9,"Just A Lil Bit","The Massacre","50 Cent",2005-03-03,237706,85,true,bennettspeir,2026-07-25T01:18:49Z,"old school hip hop,east coast hip hop","Aftermath/Shady",0.489,0.692,1,-6.672,1,0.41,0.0322,0.00608,0.315,0.527,96.946,4
spotify:track:77DRzu7ERs0TX3roZcre7Q,"euphoria","euphoria","Kendrick Lamar",2024-04-30,383639,76,true,bennettspeir,2026-07-25T01:18:49Z,"hip hop,west coast hip hop","Kendrick Lamar, under exclusive license to Interscope Records",0.831,0.643,1,-5.002,1,0.11,0.046,0,0.084,0.142,139.948,4
spotify:track:4MjDJD8cW7iVeWInc2Bdyj,"MONACO","nadie sabe lo que va a pasar mañana","Bad Bunny",2023-10-13,267194,87,true,bennettspeir,2026-07-25T01:18:49Z,"reggaeton,trap latino,latin,urbano latino","Rimas Entertainment LLC",0.787,0.621,4,-5.009,0,0.068,0.15,0.000402,0.58,0.13,139.056,4
spotify:track:5TRPicyLGbAF2LGBFbHGvO,"Flashing Lights","Graduation","Kanye West;Dwele",2007-09-11,237506,90,true,bennettspeir,2026-07-25T01:18:49Z,"rap,neo soul","Roc-A-Fella",0.639,0.628,6,-7.578,0,0.0398,0.0381,0,0.386,0.43,90.482,4
spotify:track:34oWbFBfGEElvgO0a5c9V4,"No Flockin'","No Flockin'","Kodak Black",2015-11-13,165290,81,true,bennettspeir,2026-07-25T01:18:49Z,"","P2015",0.943,0.595,5,-8.372,0,0.191,0.0673,0,0.0839,0.815,117.532,4
spotify:track:1K5KBOgreBi5fkEHvg5ap3,"Life Is Good (feat. Drake)","High Off Life","Future;Drake",2020-05-15,237918,79,true,bennettspeir,2026-07-25T01:18:49Z,"rap,trap","Epic/Freebandz",0.795,0.574,2,-6.903,0,0.487,0.067,0,0.15,0.537,142.053,4
spotify:track:0FlcmZ13DGRmscCroro9GO,"Body","OCTANE","Don Toliver",2026-01-30,155753,87,true,bennettspeir,2026-07-25T01:18:49Z,"","CactusJack/Donnway/ATL",0.828,0.479,8,-3.688,1,0.0734,0.222,0,0.159,0.696,145.944,4
spotify:track:5m0yZ33oOy0yYBtdTXuxQe,"Low Down","My Turn (Deluxe)","Lil Baby",2020-05-01,144651,76,true,bennettspeir,2026-07-25T01:18:49Z,"","Quality Control/Motown Records",0.962,0.619,10,-5.562,0,0.405,0.0354,0,0.083,0.154,127.956,4
spotify:track:40YcuQysJ0KlGQTeGUosTC,"Me, Myself & I","When It's Dark Out","G-Eazy;Bebe Rexha",2015-12-04,251465,84,true,bennettspeir,2026-07-25T01:18:49Z,"","BPG/RVG/RCA Records",0.756,0.674,0,-6.518,0,0.0959,0.0184,0,0.158,0.389,111.995,4
spotify:track:3U5HfQM00maTYSthHtV59L,"him all along","The Last Wun","Gunna",2025-08-08,158666,72,true,bennettspeir,2026-07-25T01:18:49Z,"melodic rap","300 Entertainment",0.872,0.507,4,-6.323,0,0.072,0.195,0,0.111,0.506,130.007,4
spotify:track:5Qy6a5KzM4XlRxsNcGYhgH,"6 Foot 7 Foot","Tha Carter IV (Complete Edition)","Lil Wayne;Cory Gunz",2011-08-29,248586,75,true,bennettspeir,2026-07-25T01:18:49Z,"rap,hip hop","CM/Republic",0.364,0.752,2,-5.429,1,0.304,0.0007,0,0.318,0.606,79.119,4
spotify:track:2HHtWyy5CgaQbC7XSoOb0e,"Eye of the Tiger","Eye Of The Tiger","Survivor",1982,243773,83,false,bennettspeir,2026-07-25T01:18:49Z,"","Volcano",0.815,0.438,0,-14.522,0,0.0346,0.216,0.000466,0.0787,0.552,108.965,4
spotify:track:3muBQDekYAg7jm6hDu6R0Z,"First Day Out","My Moment","Tee Grizzley",2017-04-07,254693,75,true,bennettspeir,2026-07-25T01:18:49Z,"","300 Entertainment",0.587,0.711,1,-6.33,1,0.42,0.171,0,0.125,0.381,98.008,4
spotify:track:4h7qcXBtaOJnmrapxoWxGf,"Isis (feat. Logic)","ADHD","Joyner Lucas;Logic",2020-03-27,236501,67,true,bennettspeir,2026-07-25T01:18:49Z,"","Twenty Nine Music Group (Joyner Lucas)",0.884,0.936,1,-3.931,1,0.167,0.206,0,0.262,0.758,120.004,4
spotify:track:42GcjriRK6srwHkfbkBqVl,"Blood On The Leaves","Yeezus","Kanye West",2013-06-18,359800,69,true,bennettspeir,2026-07-25T01:18:49Z,"rap","Rock The World/IDJ/Kanye/LP6",0.397,0.69,2,-4.108,0,0.195,0.395,0,0.101,0.36,172.073,4
spotify:track:2QqJTIlGKRLJC3onkavYEz,"Flex (feat. Juice WRLD)","THE GOAT","Polo G;Juice WRLD",2020-05-15,163902,71,true,bennettspeir,2026-07-25T01:18:49Z,"melodic rap,emo rap","Columbia",0.752,0.673,10,-5.792,0,0.153,0.0538,0,0.133,0.35,164.009,4
spotify:track:1bDbXMyjaUIooNwFE9wn0N,"Rich Flex","Her Loss","Drake;21 Savage",2022-11-04,239359,78,true,bennettspeir,2026-07-25T01:18:49Z,"rap","OVO / Republic Records",0.549,0.518,4,-9.39,0,0.257,0.0517,0.00000121,0.378,0.418,160.07,4
spotify:track:1wHZx0LgzFHyeIZkUydNXq,"Antidote","Rodeo","Travis Scott",2015-09-04,262693,74,true,bennettspeir,2026-07-25T01:18:49Z,"rap","Cactus Jack / Epic",0.714,0.527,1,-5.046,1,0.0322,0.00787,0.00015,0.124,0.123,131.046,4
spotify:track:7EOgQuWYzWIgCfe5zEe1dl,"Fukk A Interview","The Real Me","Future",2026-07-10,157640,80,true,bennettspeir,2026-07-25T01:18:49Z,"rap,trap","Epic",0.852,0.491,2,-3.92,1,0.0723,0.0292,0,0.0933,0.128,133.925,4
spotify:track:1ipSpQfzBbhPFhYm6tfVIz,"Mr. Glock","Yellow Tape","Key Glock",2020-01-31,146880,72,true,bennettspeir,2026-07-25T01:18:49Z,"","Paper Route EMPIRE",0.804,0.946,7,-5.949,1,0.352,0.002,0,0.359,0.745,150.141,4
spotify:track:55WLWX71YkHt2tSucNIf1g,"Sold Out Dates (feat. Lil Baby)","Sold Out Dates (feat. Lil Baby)","Gunna;Lil Baby",2018-04-16,166368,72,true,bennettspeir,2026-07-25T01:18:49Z,"melodic rap","300 Entertainment",0.817,0.556,4,-7.178,0,0.14,0.469,0,0.131,0.314,126.991,4
spotify:track:2UVbBKQOdFAekPTRsnkzcf,"Stir Fry","Culture II","Migos",2018-01-26,190288,77,true,bennettspeir,2026-07-25T01:18:49Z,"trap","Quality Control Music, LLC",0.817,0.816,2,-5.402,1,0.269,0.00263,0,0.159,0.508,181.982,4
spotify:track:1h6w4POXM2LfG4ZD4xUfZQ,"The Hillbillies","The Hillbillies","Baby Keem;Kendrick Lamar",2023-06-05,204800,62,true,bennettspeir,2026-07-25T01:18:49Z,"hip hop,west coast hip hop","pgLang/Columbia",0.798,0.618,1,-5.932,1,0.192,0.0176,0,0.12,0.209,150.031,4
spotify:track:2XaInsPPUkZRkY4uFJ3AHK,"Met Gala (feat. Offset)","Droptopwop","Gucci Mane;Offset",2017-05-26,209142,61,true,bennettspeir,2026-07-25T01:18:49Z,"southern hip hop,rap,trap","Guwop Enterprises/Atlantic",0.817,0.587,2,-6.502,1,0.108,0.052,0.00165,0.185,0.352,140.062,4
spotify:track:2oHM9KAdFdFvDCaE4V6RST,"Hate Bein' Sober","Finally Rich","Chief Keef;50 Cent;Wiz Khalifa",2012-01-01,280173,81,true,bennettspeir,2026-07-25T01:18:49Z,"chicago drill,drill,old school hip hop,east coast hip hop","UMGRI Interscope",0.82,0.47,8,-7.181,1,0.0458,0.00425,0,0.141,0.314,132.003,4
spotify:track:0j2T0R9dR9qdJYsB7ciXhf,"Stronger","Graduation","Kanye West",2007-09-11,311866,86,true,bennettspeir,2026-07-25T01:18:49Z,"rap","Roc-A-Fella",0.617,0.716,1,-7.858,1,0.136,0.0056,0,0.408,0.496,104.014,4
spotify:track:3JKgcAa7r07ocVWcV8bS0H,"21","THE GOAT","Polo G",2020-05-15,163797,73,true,bennettspeir,2026-07-25T01:18:49Z,"","Columbia",0.783,0.479,7,-10.646,1,0.541,0.149,0,0.101,0.533,176.027,4
spotify:track:5uQOauh47VFt3B2kV9kRXw,"My Shit","Artist","A Boogie Wit da Hoodie",2016-09-16,128156,80,true,bennettspeir,2026-07-25T01:18:49Z,"melodic rap","Highbridge The Label",0.812,0.621,5,-8.3,1,0.0515,0.244,0,0.099,0.847,77.998,4
spotify:track:27a1mYSG5tYg7dmEjWBcmL,"CAN'T SAY","ASTROWORLD","Travis Scott",2018-08-03,198408,79,true,bennettspeir,2026-07-25T01:18:49Z,"rap","Cactus Jack / Epic",0.702,0.708,10,-5.366,0,0.0547,0.201,0,0.118,0.713,147.98,4
spotify:track:0LWkaEyQRkF0XAms8Bg1fC,"Party Up","...And Then There Was X","DMX",1999-12-21,268866,76,true,bennettspeir,2026-07-25T01:18:49Z,"east coast hip hop,old school hip hop,hardcore hip hop","RAL",0.51,0.931,11,-3.302,1,0.337,0.0738,0,0.5,0.533,201.932,4
spotify:track:2tUL6dZf1mywCj5WvCPZw6,"No Friends In The Industry","Certified Lover Boy","Drake",2021-09-03,204346,73,true,bennettspeir,2026-07-25T01:18:49Z,"rap","OVO",0.84,0.744,1,-4.751,1,0.113,0.0181,0,0.629,0.171,83.737,4
spotify:track:3nS9a01VvXHQriLqJYwRqG,"DOLLAZ ON MY HEAD (feat. Young Thug)","WUNNA","Gunna;Young Thug",2020-05-22,197760,73,true,bennettspeir,2026-07-25T01:18:49Z,"melodic rap,rap,trap","300 Entertainment",0.825,0.458,0,-7.47,1,0.0577,0.114,0,0.102,0.161,145.115,4
spotify:track:31lopd32BkJBTSgYE16c5e,"In A Minute","It's Only Me","Lil Baby",2022-10-14,200470,67,true,bennettspeir,2026-07-25T01:18:49Z,"","Quality Control Music/Motown Records",0.547,0.604,2,-5.99,1,0.319,0.0334,0,0.112,0.149,78.502,1
spotify:track:0aB0v4027ukVziUGwVGYpG,"tv off (feat. lefty gunplay)","GNX","Kendrick Lamar;Lefty Gunplay",2024-11-22,220690,85,true,bennettspeir,2026-07-25T01:18:49Z,"hip hop,west coast hip hop,mexican hip hop","pgLang, under exclusive license to Interscope Records",0.855,0.529,6,-6.679,0,0.263,0.0837,0,0.423,0.548,100.036,4
spotify:track:2d0UrqT7OYP0gcntGV2rsp,"Konnichiwa","The Real Me","Future",2026-07-10,153733,80,true,bennettspeir,2026-07-25T01:18:49Z,"rap,trap","Epic",0.85,0.671,4,-4.519,1,0.115,0.0295,0,0.361,0.502,127.949,4
spotify:track:2t8yVaLvJ0RenpXUIAC52d,"a lot","i am > i was","21 Savage",2018-12-21,288624,82,true,bennettspeir,2026-07-25T01:18:49Z,"","Slaughter Gang, LLC/Epic Records",0.837,0.636,1,-7.643,1,0.086,0.0395,0.00125,0.342,0.274,145.972,4
spotify:track:1ZHYJ2Wwgxes4m8Ba88PeK,"Monster","My Beautiful Dark Twisted Fantasy","Kanye West;JAŸ-Z;Rick Ross;Nicki Minaj;Bon Iver",2010-11-22,378893,75,true,bennettspeir,2026-07-25T01:18:49Z,"rap,hip hop,east coast hip hop,southern hip hop","Roc-A-Fella",0.628,0.692,2,-5.64,1,0.202,0.00244,0.0129,0.668,0.0963,124.887,5
spotify:track:1lOe9qE0vR9zwWQAOk6CoO,"Ransom","We Love You Tecca","Lil Tecca",2019-08-30,131240,84,true,bennettspeir,2026-07-25T01:18:49Z,"melodic rap,rap","Republic Records",0.745,0.642,7,-6.257,0,0.287,0.0204,0,0.0658,0.226,179.974,4
spotify:track:2cnKST6T9qUo2i907lm8zX,"a m a r i","The Off-Season","J. Cole",2021-05-14,148421,67,true,bennettspeir,2026-07-25T01:18:49Z,"rap","Dreamville, Inc., Under exclusive license to Roc Nation Records",0.725,0.713,4,-6.173,0,0.187,0.127,0,0.617,0.207,65.988,4
spotify:track:22skzmqfdWrjJylampe0kt,"Can't Hold Us (feat. Ray Dalton)","The Heist","Macklemore;Ryan Lewis;Macklemore & Ryan Lewis;Ray Dalton",2012-10-09,258431,89,false,bennettspeir,2026-07-25T01:18:49Z,"","Macklemore",0.633,0.927,2,-4.468,1,0.0839,0.0267,0,0.0986,0.88,146.097,4
spotify:track:6fL8iaSdwmSTQiUv9K6L4h,"Faneto","Back from the Dead 2","Chief Keef",2015-06-16,206654,75,true,bennettspeir,2026-07-25T01:18:49Z,"chicago drill,drill","RBC Records",0.849,0.753,1,-7.399,0,0.357,0.346,0,0.0565,0.392,144.188,4
spotify:track:4QNpBfC0zvjKqPJcyqBy9W,"Give Me Everything (feat. Nayer)","Planet Pit (Deluxe Version)","Pitbull;AFROJACK;Ne-Yo;Nayer",2011-06-17,252306,92,false,bennettspeir,2026-07-25T01:18:49Z,"edm,big room","Mr.305/Polo Grounds Music/J Records",0.671,0.939,8,-3.206,1,0.161,0.191,0,0.298,0.53,129.024,4
spotify:track:2JvzF1RMd7lE3KmFlsyZD8,"MIDDLE CHILD","MIDDLE CHILD","J. Cole",2019-01-23,213593,81,true,bennettspeir,2026-07-25T01:19:02Z,"rap","Dreamville, Inc., Under exclusive license to Roc Nation Records",0.837,0.364,8,-11.713,1,0.276,0.149,0,0.271,0.463,123.984,4
spotify:track:6n4U3TlzUGhdSFbUUhTvLP,"Walk It Talk It","Culture II","Migos;Drake",2018-01-26,276147,77,true,bennettspeir,2026-07-25T01:19:11Z,"trap,rap","Quality Control Music, LLC",0.908,0.633,2,-5.145,1,0.183,0.0859,0.00000231,0.106,0.395,145.914,4
spotify:track:3QFInJAm9eyaho5vBzxInN,"family ties (with Kendrick Lamar)","The Melodic Blue","Baby Keem;Kendrick Lamar",2021-09-10,252262,82,true,bennettspeir,2026-07-25T01:19:14Z,"hip hop,west coast hip hop","Columbia",0.711,0.611,1,-5.453,1,0.33,0.00588,0,0.23,0.144,134.093,4
spotify:track:22L7bfCiAkJo5xGSQgmiIO,"All Of The Lights","My Beautiful Dark Twisted Fantasy","Kanye West",2010-11-22,299613,83,true,bennettspeir,2026-07-25T01:19:23Z,"rap","Roc-A-Fella",0.531,0.803,1,-3.284,1,0.0717,0.0796,0.0000171,0.176,0.221,142.113,4
spotify:track:42zd6DYQ4o4SECmTITrM1U,"Dreams and Nightmares","Dreams and Nightmares (Deluxe Edition)","Meek Mill",2012-10-26,230693,75,true,bennettspeir,2026-07-25T01:19:31Z,"rap","MMG/Warner Records",0.631,0.774,11,-2.459,1,0.3,0.468,0,0.281,0.44,79.745,4
spotify:track:5MPPttjfGap2C6j6eKcO6J,"Baby (Lil Baby feat. DaBaby)","Quality Control: Control The Streets Volume 2","Quality Control;Lil Baby;DaBaby",2019-08-16,142417,83,true,bennettspeir,2026-07-25T01:19:34Z,"","Quality Control Music/Motown Records",0.97,0.463,10,-7.259,1,0.366,0.0957,0,0.151,0.46,108.003,4
